tld,region_bucket,unique_fqdn_count,domain_occurrences
.com,Global/unknown gTLD,743134,2316205
.dev,Global/unknown gTLD,120580,546353
.net,Global/unknown gTLD,91454,246579
.de,Europe ccTLD,76768,161767
.io,Global/unknown gTLD,59540,189800
.org,Global/unknown gTLD,47940,142868
.me,Europe ccTLD,31891,101978
.br,Other/unknown,26130,86378
.fr,Europe ccTLD,24368,52005
.uk,Europe ccTLD,21890,63884
.cn,Other/unknown,21393,75952
.nl,Europe ccTLD,20604,51687
.ru,Other/unknown,19108,58943
.it,Europe ccTLD,13982,34961
.xyz,Global/unknown gTLD,13937,48409
.eu,Europe ccTLD,13398,50083
.shop,Global/unknown gTLD,13054,53837
.top,Other/unknown,12789,46430
.in,Other/unknown,12051,34953
.be,Europe ccTLD,12031,25868
.info,Global/unknown gTLD,11938,48747
.au,Other/unknown,11747,34521
.ca,North America ccTLD,11317,33495
.co,Other/unknown,11022,37380
.online,Global/unknown gTLD,11004,35250
.at,Europe ccTLD,10745,20754
.site,Global/unknown gTLD,10463,35037
.app,Global/unknown gTLD,10455,34303
.cloud,Global/unknown gTLD,9943,28089
.pl,Europe ccTLD,9260,23590
.es,Europe ccTLD,8993,19895
.cc,Other/unknown,7634,28011
.to,Other/unknown,7519,66691
.direct,Other/unknown,7445,14804
.ch,Europe ccTLD,7441,21971
.ai,Other/unknown,7272,22450
.link,Other/unknown,7166,32812
.za,Other/unknown,7128,19314
.se,Europe ccTLD,6078,16392
.vip,Other/unknown,5654,23150
.cz,Europe ccTLD,5530,13248
.hu,Europe ccTLD,5388,13978
.id,Other/unknown,5243,17286
.us,North America ccTLD,5166,15955
.store,Global/unknown gTLD,4935,15250
.jp,Other/unknown,4862,14714
.pro,Other/unknown,4352,16994
.no,Europe ccTLD,4261,9736
.mx,North America ccTLD,4033,13213
.cl,Other/unknown,3377,10799
.pt,Europe ccTLD,3228,7313
.sbs,Other/unknown,3211,13308
.kr,Other/unknown,3150,7907
.fi,Europe ccTLD,3148,7212
.ro,Europe ccTLD,3110,10357
.gr,Europe ccTLD,2982,7563
.tr,Other/unknown,2765,8796
.space,Other/unknown,2763,8787
.vn,Other/unknown,2650,6863
.tech,Global/unknown gTLD,2614,8015
.dk,Europe ccTLD,2503,7584
.ar,Other/unknown,2485,7420
.click,Other/unknown,2453,11272
.page,Other/unknown,2380,6537
.my,Other/unknown,2370,11692
.biz,Global/unknown gTLD,2333,7826
.live,Other/unknown,2326,10253
.ee,Europe ccTLD,2229,5681
.nz,Other/unknown,2203,6009
.club,Other/unknown,2125,8658
.ir,Other/unknown,1907,6355
.aws,Other/unknown,1885,5919
.lat,Other/unknown,1851,6002
.edu,Other/unknown,1769,3082
.goog,Other/unknown,1751,2779
.ua,Europe ccTLD,1736,5674
.one,Other/unknown,1536,5133
.lt,Europe ccTLD,1533,4075
.world,Other/unknown,1483,5243
.bet,Other/unknown,1477,6640
.sk,Europe ccTLD,1476,4310
.cfd,Other/unknown,1429,6122
.digital,Other/unknown,1395,5486
.il,Other/unknown,1348,3486
.run,Other/unknown,1319,4533
.fun,Other/unknown,1238,4700
.xn--p1ai,Other/unknown,1229,3381
.hr,Europe ccTLD,1200,2846
.icu,Other/unknown,1197,5071
.ie,Europe ccTLD,1183,2907
.work,Other/unknown,1160,3981
.life,Other/unknown,1143,4446
.team,Other/unknown,1130,3351
.si,Europe ccTLD,1112,2523
.tv,Other/unknown,1104,3652
.lol,Other/unknown,1100,3890
.tw,Other/unknown,989,3007
.art,Other/unknown,974,3134
.ng,Other/unknown,954,3198
.cyou,Other/unknown,889,3607
.website,Other/unknown,830,3238
.blog,Other/unknown,773,2219
.asia,Other/unknown,756,3394
.ae,Other/unknown,731,2322
.studio,Other/unknown,725,2383
.buzz,Other/unknown,682,2870
.casa,Other/unknown,677,1997
.sg,Other/unknown,671,1924
.pk,Other/unknown,665,2015
.kz,Other/unknown,657,2372
.irish,Other/unknown,639,4119
.ke,Other/unknown,636,2078
.rs,Europe ccTLD,636,2039
.cat,Other/unknown,610,1121
.np,Other/unknown,605,1789
.lu,Europe ccTLD,588,1162
.nu,Other/unknown,543,1805
.lv,Europe ccTLD,535,1621
.pe,Other/unknown,534,1818
.by,Europe ccTLD,532,1455
.gd,Other/unknown,518,1525
.uz,Other/unknown,517,1431
.win,Other/unknown,490,2011
.host,Other/unknown,467,1715
.network,Other/unknown,462,1391
.agency,Other/unknown,458,1307
.ma,Other/unknown,452,1437
.hk,Other/unknown,443,1288
.ink,Other/unknown,402,1834
.sh,Other/unknown,401,1264
.th,Other/unknown,385,1195
.casino,Other/unknown,381,1192
.help,Other/unknown,370,1655
.autos,Other/unknown,368,1291
.ovh,Other/unknown,368,1149
.cd,Other/unknown,367,1496
.ph,Other/unknown,366,1210
.design,Other/unknown,359,1106
.bg,Europe ccTLD,357,1134
.news,Other/unknown,351,1232
.az,Other/unknown,347,1192
.beer,Other/unknown,339,1970
.media,Other/unknown,334,946
.onl,Other/unknown,323,889
.services,Other/unknown,320,1038
.ms,Other/unknown,317,493
.mobi,Other/unknown,308,996
.sa,Other/unknown,306,907
.su,Other/unknown,299,1043
.group,Other/unknown,298,888
.rocks,Other/unknown,298,892
.rest,Other/unknown,296,1291
.qpon,Other/unknown,291,1033
.solutions,Other/unknown,288,800
.systems,Other/unknown,276,788
.ec,Other/unknown,269,868
.is,Europe ccTLD,267,1002
.uy,Other/unknown,267,915
.chat,Other/unknown,263,785
.pw,Other/unknown,262,1104
.lk,Other/unknown,260,844
.gg,Europe ccTLD,255,894
.social,Other/unknown,255,795
.today,Other/unknown,253,880
.cv,Other/unknown,252,1188
.email,Other/unknown,251,794
.bd,Other/unknown,250,933
.ltd,Other/unknown,246,817
.skin,Other/unknown,242,1356
.bz,Other/unknown,239,481
.ly,Other/unknown,239,651
.do,Other/unknown,236,747
.xn--o3cw4h,Other/unknown,235,721
.kg,Other/unknown,229,760
.mom,Other/unknown,229,751
.company,Other/unknown,228,636
.games,Other/unknown,227,731
.cam,Other/unknown,224,664
.ci,Other/unknown,224,1017
.fit,Other/unknown,216,803
.cy,Europe ccTLD,214,528
.academy,Other/unknown,212,601
.pics,Other/unknown,212,1007
.tz,Other/unknown,208,759
.name,Other/unknown,207,815
.inc,Other/unknown,204,619
.am,Other/unknown,199,625
.tools,Other/unknown,198,736
.africa,Other/unknown,197,542
.aero,Other/unknown,192,343
.ge,Other/unknown,188,686
.global,Other/unknown,183,599
.li,Europe ccTLD,178,575
.study,Other/unknown,178,278
.brussels,Other/unknown,177,208
.homes,Other/unknown,177,642
.bid,Other/unknown,176,650
.md,Europe ccTLD,175,652
.bio,Other/unknown,174,561
.guru,Other/unknown,174,688
.im,Europe ccTLD,174,612
.int,Other/unknown,174,185
.loan,Other/unknown,169,876
.care,Other/unknown,168,565
.tn,Other/unknown,168,483
.wtf,Other/unknown,168,498
.beauty,Other/unknown,167,707
.center,Other/unknown,166,545
.py,Other/unknown,163,531
.ws,Other/unknown,160,433
.plus,Other/unknown,159,600
.bot,Other/unknown,158,849
.zw,Other/unknown,154,422
.al,Europe ccTLD,153,614
.bond,Other/unknown,153,664
.health,Other/unknown,147,375
.mn,Other/unknown,147,350
.tokyo,Other/unknown,142,414
.mk,Europe ccTLD,140,549
.fyi,Other/unknown,139,497
.zone,Other/unknown,139,429
.love,Other/unknown,138,401
.quest,Other/unknown,138,528
.works,Other/unknown,138,379
.courses,Other/unknown,137,501
.la,Other/unknown,134,444
.cisco,Other/unknown,132,132
.best,Other/unknown,129,534
.church,Other/unknown,129,420
.finance,Other/unknown,129,419
.st,Other/unknown,129,445
.xin,Other/unknown,129,520
.llc,Other/unknown,127,368
.gov,Other/unknown,126,305
.wiki,Other/unknown,126,445
.video,Other/unknown,125,439
.ad,Europe ccTLD,124,367
.baby,Other/unknown,124,432
.re,Other/unknown,124,304
.berlin,Other/unknown,122,249
.events,Other/unknown,121,320
.army,Other/unknown,119,306
.earth,Other/unknown,119,316
.gt,Other/unknown,119,439
.ba,Europe ccTLD,117,481
.software,Other/unknown,116,325
.hair,Other/unknown,115,591
.gay,Other/unknown,114,303
.nyc,Other/unknown,114,296
.support,Other/unknown,112,355
.ao,Other/unknown,111,415
.codes,Other/unknown,111,442
.moe,Other/unknown,111,372
.fm,Other/unknown,108,327
.ag,Other/unknown,106,454
.bar,Other/unknown,106,354
.navy,Other/unknown,106,284
.so,Other/unknown,104,277
.tk,Other/unknown,104,341
.town,Other/unknown,104,443
.dvag,Other/unknown,103,471
.family,Other/unknown,103,349
.monster,Other/unknown,101,352
.lb,Other/unknown,99,138
.nrw,Other/unknown,99,153
.om,Other/unknown,99,183
.cu,Other/unknown,98,351
.photography,Other/unknown,95,278
.vu,Other/unknown,95,337
.boats,Other/unknown,94,494
.education,Other/unknown,94,258
.review,Other/unknown,92,222
.coffee,Other/unknown,91,309
.marketing,Other/unknown,91,302
.gdn,Other/unknown,89,157
.coach,Other/unknown,86,266
.cr,Other/unknown,86,291
.cm,Other/unknown,85,352
.farm,Other/unknown,84,272
.cash,Other/unknown,83,266
.sap,Other/unknown,81,230
._ipv4,Other/unknown,80,239
.capital,Other/unknown,80,233
.travel,Other/unknown,80,226
.garden,Other/unknown,79,239
.vc,Other/unknown,79,243
.law,Other/unknown,78,193
.city,Other/unknown,77,326
.land,Other/unknown,77,195
.pub,Other/unknown,77,221
.trade,Other/unknown,77,268
.cards,Other/unknown,76,217
.eus,Other/unknown,76,135
.ve,Other/unknown,76,242
.now,Other/unknown,74,238
.uno,Other/unknown,74,231
.consulting,Other/unknown,73,215
.qa,Other/unknown,73,247
.cx,Other/unknown,72,322
.party,Other/unknown,72,257
.makeup,Other/unknown,71,731
.xxx,Other/unknown,71,137
.energy,Other/unknown,70,193
.money,Other/unknown,70,228
.pet,Other/unknown,69,274
.stream,Other/unknown,69,223
.build,Other/unknown,68,230
.house,Other/unknown,68,213
.tel,Other/unknown,68,233
.business,Other/unknown,67,202
.mt,Europe ccTLD,66,164
.ninja,Other/unknown,66,187
.sc,Other/unknown,66,308
.delivery,Other/unknown,64,202
.expert,Other/unknown,64,156
.cafe,Other/unknown,63,183
.photos,Other/unknown,63,158
.cf,Other/unknown,62,210
.show,Other/unknown,62,165
.exchange,Other/unknown,60,200
.ing,Other/unknown,60,198
.forum,Other/unknown,59,217
.gallery,Other/unknown,59,130
.community,Other/unknown,58,152
.cool,Other/unknown,58,197
.coop,Other/unknown,58,181
.legal,Other/unknown,58,146
.technology,Other/unknown,58,204
.wang,Other/unknown,58,226
.blue,Other/unknown,57,178
.fund,Other/unknown,57,140
.xn--fiqs8s,Other/unknown,56,188
.institute,Other/unknown,54,148
.school,Other/unknown,54,184
.ac,Other/unknown,53,164
.dog,Other/unknown,53,134
.food,Other/unknown,53,218
.gq,Other/unknown,53,129
.market,Other/unknown,53,186
.menu,Other/unknown,53,121
.place,Other/unknown,53,175
.nc,Other/unknown,52,119
.bo,Other/unknown,50,153
.sn,Other/unknown,50,130
.pa,Other/unknown,49,130
.bayern,Other/unknown,48,99
.mg,Other/unknown,48,126
.red,Other/unknown,48,157
.band,Other/unknown,47,127
.science,Other/unknown,47,130
.lc,Other/unknown,46,253
.london,Other/unknown,45,168
.onion,Other/unknown,45,52
.ug,Other/unknown,45,130
.clinic,Other/unknown,44,106
.press,Other/unknown,44,114
.swiss,Other/unknown,44,160
.watch,Other/unknown,44,219
.estate,Other/unknown,43,115
.gmbh,Other/unknown,43,103
.mz,Other/unknown,43,119
.ventures,Other/unknown,43,115
.ax,Other/unknown,42,214
.domains,Other/unknown,42,187
.foundation,Other/unknown,42,155
.gold,Other/unknown,42,137
.golf,Other/unknown,42,138
.guide,Other/unknown,42,107
.schule,Other/unknown,42,99
.training,Other/unknown,42,118
.eg,Other/unknown,41,128
.rw,Other/unknown,41,127
.surf,Other/unknown,41,119
.yt,Other/unknown,41,125
.dz,Other/unknown,40,145
.et,Other/unknown,40,109
.mu,Other/unknown,40,134
.engineering,Other/unknown,39,96
.gal,Other/unknown,39,54
.new,Other/unknown,39,68
.wien,Other/unknown,39,65
.moscow,Other/unknown,38,98
.pf,Other/unknown,38,60
.rip,Other/unknown,37,120
.style,Other/unknown,37,88
.wine,Other/unknown,37,104
.bike,Other/unknown,36,73
.horse,Other/unknown,36,94
.observer,Other/unknown,36,82
.tax,Other/unknown,36,123
.tt,Other/unknown,36,83
.bzh,Other/unknown,35,89
.day,Other/unknown,35,143
.solar,Other/unknown,35,125
.sx,Other/unknown,35,103
.vet,Other/unknown,34,117
.dating,Other/unknown,33,60
.photo,Other/unknown,33,86
.productions,Other/unknown,33,113
.ps,Other/unknown,33,96
.haus,Other/unknown,32,110
.koeln,Other/unknown,32,102
.lifestyle,Other/unknown,32,118
.pm,Other/unknown,32,163
.ren,Other/unknown,32,52
.sv,Other/unknown,32,87
.audio,Other/unknown,31,94
.download,Other/unknown,31,138
.gs,Other/unknown,31,103
.ooo,Other/unknown,31,97
.tf,Other/unknown,31,95
.zip,Other/unknown,31,100
.af,Other/unknown,30,75
.computer,Other/unknown,30,83
.directory,Other/unknown,30,79
.kh,Other/unknown,30,76
.microsoft,Other/unknown,30,50
.partners,Other/unknown,30,96
.rentals,Other/unknown,30,96
.je,Europe ccTLD,29,115
.nexus,Other/unknown,29,84
.tips,Other/unknown,29,104
.bw,Other/unknown,28,129
.clothing,Other/unknown,28,95
.industries,Other/unknown,28,93
.mba,Other/unknown,28,92
.men,Other/unknown,28,138
.ml,Other/unknown,28,308
.museum,Other/unknown,28,39
.university,Other/unknown,28,70
.vin,Other/unknown,28,111
.xn--80adxhks,Other/unknown,28,54
.yachts,Other/unknown,27,124
.dental,Other/unknown,26,74
.fan,Other/unknown,26,69
.fo,Europe ccTLD,26,75
.reviews,Other/unknown,26,64
.yoga,Other/unknown,26,86
.bi,Other/unknown,25,80
.boutique,Other/unknown,25,77
.locker,Other/unknown,25,79
.pizza,Other/unknown,25,99
.sex,Other/unknown,25,59
.sr,Other/unknown,25,71
.tj,Other/unknown,25,94
.fans,Other/unknown,24,100
.financial,Other/unknown,24,59
.pink,Other/unknown,24,76
.frl,Other/unknown,23,58
.gh,Other/unknown,23,113
.green,Other/unknown,23,77
.hn,Other/unknown,23,84
.meme,Other/unknown,23,93
.report,Other/unknown,23,100
.sale,Other/unknown,23,71
.supply,Other/unknown,23,91
.tours,Other/unknown,23,41
.as,Other/unknown,22,47
.camp,Other/unknown,22,85
.engineer,Other/unknown,22,64
.immo,Other/unknown,22,71
.international,Other/unknown,22,76
.iq,Other/unknown,22,66
.mv,Other/unknown,22,80
.repair,Other/unknown,22,39
.tc,Other/unknown,22,39
.dance,Other/unknown,21,60
.fashion,Other/unknown,21,53
.gn,Other/unknown,21,66
.insure,Other/unknown,21,52
.music,Other/unknown,21,95
.promo,Other/unknown,21,70
.srl,Other/unknown,21,56
.amsterdam,Other/unknown,20,38
.eco,Other/unknown,20,83
.management,Other/unknown,20,61
.rent,Other/unknown,20,49
.scot,Other/unknown,20,38
.vision,Other/unknown,20,55
.bh,Other/unknown,19,56
.foo,Other/unknown,19,71
.kitchen,Other/unknown,19,64
.markets,Other/unknown,19,98
.miami,Other/unknown,19,42
.na,Other/unknown,19,61
.ngo,Other/unknown,19,73
.wales,Other/unknown,19,51
.xn--p1acf,Other/unknown,19,53
.apartments,Other/unknown,18,52
.bj,Other/unknown,18,44
.contact,Other/unknown,18,86
.express,Other/unknown,18,68
.game,Other/unknown,18,65
.graphics,Other/unknown,18,70
.jo,Other/unknown,18,63
.trading,Other/unknown,18,50
.you,Other/unknown,18,74
.date,Other/unknown,17,55
.deals,Other/unknown,17,63
.doctor,Other/unknown,17,54
.enterprises,Other/unknown,17,61
.gifts,Other/unknown,17,66
.motorcycles,Other/unknown,17,60
.taxi,Other/unknown,17,50
.zm,Other/unknown,17,52
.black,Other/unknown,16,66
.builders,Other/unknown,16,39
.cheap,Other/unknown,16,37
.faith,Other/unknown,16,68
.film,Other/unknown,16,41
.fish,Other/unknown,16,43
.holdings,Other/unknown,16,41
.jobs,Other/unknown,16,35
.kim,Other/unknown,16,74
.properties,Other/unknown,16,39
.boo,Other/unknown,15,50
.cab,Other/unknown,15,37
.cymru,Other/unknown,15,41
.fitness,Other/unknown,15,53
.hosting,Other/unknown,15,49
.ist,Other/unknown,15,99
.kiwi,Other/unknown,15,57
.lgbt,Other/unknown,15,51
.limited,Other/unknown,15,35
.living,Other/unknown,15,73
.mm,Other/unknown,15,30
.tirol,Other/unknown,15,38
.vote,Other/unknown,15,58
.boston,Other/unknown,14,36
.ceo,Other/unknown,14,43
.construction,Other/unknown,14,33
.free,Other/unknown,14,79
.gl,Other/unknown,14,36
.healthcare,Other/unknown,14,37
.hiphop,Other/unknown,14,25
.pictures,Other/unknown,14,44
.recipes,Other/unknown,14,52
.restaurant,Other/unknown,14,38
.tienda,Other/unknown,14,61
.wedding,Other/unknown,14,35
.xn--4dbrk0ce,Other/unknown,14,47
.allfinanz,Other/unknown,13,50
.bargains,Other/unknown,13,36
.careers,Other/unknown,13,36
.glass,Other/unknown,13,41
.jetzt,Other/unknown,13,30
.ky,Other/unknown,13,60
.mortgage,Other/unknown,13,28
.nagoya,Other/unknown,13,48
.nf,Other/unknown,13,45
.parts,Other/unknown,13,33
.poker,Other/unknown,13,59
.shopping,Other/unknown,13,55
.tattoo,Other/unknown,13,35
.tm,Other/unknown,13,47
.xn--90ae,Other/unknown,13,55
.xn--90ais,Other/unknown,13,43
.dad,Other/unknown,12,55
.dentist,Other/unknown,12,34
.dj,Other/unknown,12,29
.gy,Other/unknown,12,32
.kw,Other/unknown,12,37
.luxury,Other/unknown,12,41
.paris,Other/unknown,12,39
.pg,Other/unknown,12,46
.ski,Other/unknown,12,48
.soy,Other/unknown,12,39
.vg,Other/unknown,12,41
.bank,Other/unknown,11,18
.broker,Other/unknown,11,35
.cpa,Other/unknown,11,31
.deal,Other/unknown,11,41
.gratis,Other/unknown,11,24
.kids,Other/unknown,11,20
.lawyer,Other/unknown,11,28
.lighting,Other/unknown,11,30
.xn--h2brj9c,Other/unknown,11,30
.xn--j6w193g,Other/unknown,11,36
.creditcard,Other/unknown,10,26
.mr,Other/unknown,10,18
.porn,Other/unknown,10,29
.quebec,Other/unknown,10,16
.ruhr,Other/unknown,10,15
.sy,Other/unknown,10,13
.tg,Other/unknown,10,53
.vegas,Other/unknown,10,50
.wf,Other/unknown,10,22
.auction,Other/unknown,9,48
.bm,Other/unknown,9,19
.college,Other/unknown,9,43
.corsica,Other/unknown,9,23
.diy,Other/unknown,9,36
.football,Other/unknown,9,15
.gent,Other/unknown,9,23
.kn,Other/unknown,9,13
.limo,Other/unknown,9,38
.movie,Other/unknown,9,28
.radio,Other/unknown,9,16
.realtor,Other/unknown,9,29
.spot,Other/unknown,9,29
.storage,Other/unknown,9,21
.yokohama,Other/unknown,9,46
.camera,Other/unknown,8,21
.fail,Other/unknown,8,10
.mov,Other/unknown,8,19
.mw,Other/unknown,8,31
.okinawa,Other/unknown,8,23
.realestate,Other/unknown,8,16
.salon,Other/unknown,8,25
.security,Other/unknown,8,19
.tube,Other/unknown,8,29
.xn--80aswg,Other/unknown,8,15
.archi,Other/unknown,7,10
.bf,Other/unknown,7,13
.christmas,Other/unknown,7,25
.claims,Other/unknown,7,29
.exposed,Other/unknown,7,20
.forex,Other/unknown,7,27
.ga,Other/unknown,7,33
.gift,Other/unknown,7,20
.gives,Other/unknown,7,31
.gm,Other/unknown,7,18
.how,Other/unknown,7,16
.ls,Other/unknown,7,20
.melbourne,Other/unknown,7,18
.memorial,Other/unknown,7,47
.mobile,Other/unknown,7,19
.moda,Other/unknown,7,36
.pr,Other/unknown,7,14
.racing,Other/unknown,7,24
.saarland,Other/unknown,7,12
.shoes,Other/unknown,7,15
.singles,Other/unknown,7,23
.surgery,Other/unknown,7,13
.toys,Other/unknown,7,34
.vlaanderen,Other/unknown,7,11
.vodka,Other/unknown,7,23
.actor,Other/unknown,6,18
.amazon,Other/unknown,6,41
.associates,Other/unknown,6,18
.charity,Other/unknown,6,14
.forsale,Other/unknown,6,10
.futbol,Other/unknown,6,20
.ht,Other/unknown,6,16
.jewelry,Other/unknown,6,11
.luxe,Other/unknown,6,11
.mc,Europe ccTLD,6,19
.ni,Other/unknown,6,15
.property,Other/unknown,6,23
.rodeo,Other/unknown,6,19
.sb,Other/unknown,6,20
.sm,Europe ccTLD,6,13
.sucks,Other/unknown,6,6
.sydney,Other/unknown,6,12
.tl,Other/unknown,6,24
.webcam,Other/unknown,6,20
.xn--6frz82g,Other/unknown,6,28
.xn--d1acj3b,Other/unknown,6,11
.attorney,Other/unknown,5,7
.barcelona,Other/unknown,5,14
.bible,Other/unknown,5,16
.bingo,Other/unknown,5,21
.bt,Other/unknown,5,7
.capetown,Other/unknown,5,12
.career,Other/unknown,5,10
.cg,Other/unknown,5,5
.contractors,Other/unknown,5,25
.coupons,Other/unknown,5,17
.fast,Other/unknown,5,12
.hamburg,Other/unknown,5,12
.immobilien,Other/unknown,5,18
.investments,Other/unknown,5,10
.kaufen,Other/unknown,5,14
.krd,Other/unknown,5,10
.loans,Other/unknown,5,18
.lr,Other/unknown,5,10
.madrid,Other/unknown,5,9
.pfizer,Other/unknown,5,6
.realty,Other/unknown,5,12
.rsvp,Other/unknown,5,10
.vacations,Other/unknown,5,13
.voyage,Other/unknown,5,10
.xn--j1amh,Other/unknown,5,10
.accountants,Other/unknown,4,16
.adult,Other/unknown,4,5
.auto,Other/unknown,4,9
.box,Other/unknown,4,12
.degree,Other/unknown,4,18
.equipment,Other/unknown,4,12
.esq,Other/unknown,4,8
.florist,Other/unknown,4,17
.furniture,Other/unknown,4,5
.globo,Other/unknown,4,15
.gp,Other/unknown,4,18
.hospital,Other/unknown,4,10
.ong,Other/unknown,4,24
.phd,Other/unknown,4,16
.soccer,Other/unknown,4,10
.ss,Other/unknown,4,18
.statefarm,Other/unknown,4,8
.taipei,Other/unknown,4,16
.uol,Other/unknown,4,6
.xn--90a3ac,Other/unknown,4,4
.xn--fjq720a,Other/unknown,4,8
.xn--qxam,Other/unknown,4,8
.xn--unup4y,Other/unknown,4,8
.basketball,Other/unknown,3,14
.bmw,Other/unknown,3,15
.car,Other/unknown,3,12
.catering,Other/unknown,3,9
.channel,Other/unknown,3,6
.cologne,Other/unknown,3,8
.cooking,Other/unknown,3,8
.credit,Other/unknown,3,6
.cw,Other/unknown,3,8
.diamonds,Other/unknown,3,3
.diet,Other/unknown,3,6
.discount,Other/unknown,3,12
.gf,Other/unknown,3,18
.gripe,Other/unknown,3,9
.lease,Other/unknown,3,18
.mo,Other/unknown,3,5
.nr,Other/unknown,3,5
.organic,Other/unknown,3,4
.plumbing,Other/unknown,3,10
.rehab,Other/unknown,3,10
.reisen,Other/unknown,3,8
.sd,Other/unknown,3,7
.shiksha,Other/unknown,3,9
.villas,Other/unknown,3,14
.xn--kpry57d,Other/unknown,3,15
.xn--mk1bu44c,Other/unknown,3,24
.xn--q9jyb4c,Other/unknown,3,9
.ye,Other/unknown,3,6
.abudhabi,Other/unknown,2,4
.accountant,Other/unknown,2,11
.alsace,Other/unknown,2,6
.aq,Other/unknown,2,2
.ck,Other/unknown,2,12
.compare,Other/unknown,2,22
.crs,Other/unknown,2,24
.cruises,Other/unknown,2,5
.dm,Other/unknown,2,8
.firmdale,Other/unknown,2,4
.fishing,Other/unknown,2,12
.flowers,Other/unknown,2,7
.google,Other/unknown,2,12
.gu,Other/unknown,2,2
.gw,Other/unknown,2,7
.istanbul,Other/unknown,2,3
.med,Other/unknown,2,3
.mlb,Other/unknown,2,2
.mq,Other/unknown,2,5
.ne,Other/unknown,2,11
.osaka,Other/unknown,2,3
.pharmacy,Other/unknown,2,7
.rich,Other/unknown,2,16
.sarl,Other/unknown,2,3
.select,Other/unknown,2,10
.sl,Other/unknown,2,14
.spa,Other/unknown,2,4
.td,Other/unknown,2,6
.tickets,Other/unknown,2,2
.tires,Other/unknown,2,7
.versicherung,Other/unknown,2,8
.vi,Other/unknown,2,2
.xn--3e0b707e,Other/unknown,2,8
.xn--6qq986b3xl,Other/unknown,2,7
.xn--fiqz9s,Other/unknown,2,4
.xn--ses554g,Other/unknown,2,6
.xn--t60b56a,Other/unknown,2,4
.xn--y9a3aq,Other/unknown,2,7
.zuerich,Other/unknown,2,5
._none,Other/unknown,1,2
.abogado,Other/unknown,1,6
.airforce,Other/unknown,1,2
.apple,Other/unknown,1,1
.aw,Other/unknown,1,6
.bb,Other/unknown,1,3
.blackfriday,Other/unknown,1,1
.bn,Other/unknown,1,6
.bs,Other/unknown,1,1
.canon,Other/unknown,1,2
.cars,Other/unknown,1,1
.cleaning,Other/unknown,1,6
.country,Other/unknown,1,4
.crown,Other/unknown,1,2
.democrat,Other/unknown,1,4
.desi,Other/unknown,1,8
.durban,Other/unknown,1,1
.flights,Other/unknown,1,1
.fox,Other/unknown,1,2
.gi,Europe ccTLD,1,1
.hm,Other/unknown,1,2
.holiday,Other/unknown,1,8
.jm,Other/unknown,1,2
.joburg,Other/unknown,1,2
.juegos,Other/unknown,1,2
.ki,Other/unknown,1,2
.kred,Other/unknown,1,7
.kyoto,Other/unknown,1,6
.lego,Other/unknown,1,2
.lotto,Other/unknown,1,1
.maison,Other/unknown,1,7
.moi,Other/unknown,1,1
.ntt,Other/unknown,1,1
.physio,Other/unknown,1,6
.politie,Other/unknown,1,1
.republican,Other/unknown,1,1
.ryukyu,Other/unknown,1,6
.schaeffler,Other/unknown,1,1
.schmidt,Other/unknown,1,3
.schwarz,Other/unknown,1,1
.shell,Other/unknown,1,1
.sport,Other/unknown,1,2
.supplies,Other/unknown,1,6
.suzuki,Other/unknown,1,3
.tennis,Other/unknown,1,1
.theater,Other/unknown,1,3
.theatre,Other/unknown,1,8
.total,Other/unknown,1,1
.toyota,Other/unknown,1,3
.xn--54b7fta0cc,Other/unknown,1,1
.xn--55qx5d,Other/unknown,1,12
.xn--5tzm5g,Other/unknown,1,2
.xn--gecrj9c,Other/unknown,1,3
.xn--h2brj9c8c,Other/unknown,1,2
.xn--i1b6b1a6a2e,Other/unknown,1,4
.xn--io0a7i,Other/unknown,1,10
.xn--mgbab2bd,Other/unknown,1,8
.xn--mgbai9azgqp6j,Other/unknown,1,8
.xn--node,Other/unknown,1,4
.xn--tckwe,Other/unknown,1,4
.xn--xkc2al3hye2a,Other/unknown,1,2
.yun,Other/unknown,1,2
