bucket_utc,total_unique_fqdn_count,Global,Europe,Americas,Asia,Africa,Oceania,Antarctica
2026-05-29 22:00:00+00:00,2332928,1815740,295823,69086,80774,41922,29498,85
2026-05-29 23:00:00+00:00,2295056,1791905,284784,68832,84347,35077,30044,67
2026-05-30 00:00:00+00:00,2362696,1838440,309383,69492,89630,24194,31429,128
2026-05-30 01:00:00+00:00,2242080,1757650,280043,70080,82305,22592,29282,128
2026-05-30 02:00:00+00:00,2133739,1681652,260733,64789,81423,17988,27082,72
2026-05-30 03:00:00+00:00,2120890,1663733,258705,68414,84010,19106,26842,80
2026-05-30 04:00:00+00:00,2156725,1694603,255717,67422,91094,19303,28516,70
2026-05-30 05:00:00+00:00,2142404,1691161,254593,65435,86856,16729,27549,81
2026-05-30 06:00:00+00:00,2096051,1648990,253596,64524,84870,14996,28962,113
2026-05-30 07:00:00+00:00,2140460,1675712,267669,67226,85504,15475,28790,84
2026-05-30 08:00:00+00:00,2151140,1690892,264768,64708,84271,15918,30506,77
2026-05-30 09:00:00+00:00,2139154,1677885,269703,63070,81751,16123,30561,61
2026-05-30 10:00:00+00:00,2176792,1685028,286360,65001,79939,31327,29079,58
2026-05-30 11:00:00+00:00,2108629,1655064,271323,61036,75654,18649,26831,72
2026-05-30 12:00:00+00:00,2159135,1705220,267799,64082,77852,15714,28378,90
2026-05-30 13:00:00+00:00,2074045,1632161,258766,63416,77650,16361,25593,98
2026-05-30 14:00:00+00:00,2117010,1664064,267552,60343,79606,20276,25071,98
2026-05-30 15:00:00+00:00,2105704,1648897,271927,63731,78603,16509,25954,83
2026-05-30 16:00:00+00:00,2247521,1756034,287988,63605,85638,26803,27366,87
2026-05-30 17:00:00+00:00,2262288,1789111,271534,67503,82085,23095,28881,79
2026-05-30 18:00:00+00:00,2154411,1701957,257876,65796,78829,21632,28162,159
2026-05-30 19:00:00+00:00,2170138,1711769,253715,65562,77568,32410,29019,95
2026-05-30 20:00:00+00:00,2112649,1658241,258631,62826,72128,33083,27667,73
2026-05-30 21:00:00+00:00,2105344,1650180,254175,63712,72307,36963,27843,164
2026-05-30 22:00:00+00:00,2067390,1615636,260488,61827,71999,29995,27374,71
2026-05-30 23:00:00+00:00,2047428,1598777,258378,64295,72729,26459,26729,61
2026-05-31 00:00:00+00:00,2154167,1682861,275796,63006,78133,25343,28949,79
2026-05-31 01:00:00+00:00,2119543,1659846,271891,60642,77138,20442,29535,49
2026-05-31 02:00:00+00:00,2238146,1749516,288412,62325,84049,22598,31182,64
2026-05-31 03:00:00+00:00,2175300,1706634,276735,63775,77538,20670,29884,64
2026-05-31 04:00:00+00:00,2197100,1728164,267124,64275,80789,26664,30029,55
2026-05-31 05:00:00+00:00,2206624,1740306,265191,63007,81798,27415,28822,85
2026-05-31 06:00:00+00:00,2207397,1741134,258746,65575,83475,28960,29429,78
2026-05-31 07:00:00+00:00,2240162,1754061,274762,65530,84625,32111,28992,81
2026-05-31 08:00:00+00:00,2213538,1741751,262397,62983,84304,30087,31959,57
2026-05-31 09:00:00+00:00,2188991,1716888,260818,63216,87768,29682,30543,76
2026-05-31 10:00:00+00:00,2163451,1687327,270760,60411,84068,32173,28660,52
2026-05-31 11:00:00+00:00,2123605,1674949,255508,57934,82227,23223,29709,55
2026-05-31 12:00:00+00:00,2113554,1668843,254103,59701,81410,19015,30397,85
2026-05-31 13:00:00+00:00,2165273,1719573,252542,62134,81941,18494,30474,115
2026-05-31 14:00:00+00:00,2154309,1700813,255031,63787,81244,22736,30472,226
2026-05-31 15:00:00+00:00,2168629,1719356,255779,64759,80873,16078,31688,96
2026-05-31 16:00:00+00:00,2198881,1738803,260269,61911,87285,18260,32224,129
2026-05-31 17:00:00+00:00,2172192,1722785,253728,63432,80869,19774,31423,181
2026-05-31 18:00:00+00:00,2149404,1697473,262135,61761,77648,20137,30157,93
2026-05-31 19:00:00+00:00,2182144,1726042,262945,64722,80103,17173,31042,117
2026-05-31 20:00:00+00:00,2041152,1603358,256152,59559,74512,16064,31429,78
2026-05-31 21:00:00+00:00,2030089,1581689,265983,59369,73303,20213,29457,75
2026-05-31 22:00:00+00:00,2046059,1589876,277391,58634,72971,17176,29962,49
2026-05-31 23:00:00+00:00,2018518,1577157,263058,58300,72093,14959,32863,88
2026-06-01 00:00:00+00:00,2148359,1657535,299891,60766,78663,18723,32705,76
2026-06-01 01:00:00+00:00,2026865,1584030,266645,59176,73801,13928,29193,92
2026-06-01 02:00:00+00:00,2005488,1569350,257440,59303,74213,15219,29900,63
2026-06-01 03:00:00+00:00,2099572,1651906,259708,66525,76838,14030,30508,57
2026-06-01 04:00:00+00:00,2020543,1599495,241218,61435,74406,15099,28821,69
2026-06-01 05:00:00+00:00,2079677,1645537,245847,64533,78800,13788,31103,69
2026-06-01 06:00:00+00:00,2137363,1683559,259239,63313,83753,16396,31007,96
2026-06-01 07:00:00+00:00,2165659,1700134,267941,62780,84670,17848,32197,89
2026-06-01 08:00:00+00:00,2174019,1707396,271896,60304,83409,20164,30763,87
2026-06-01 09:00:00+00:00,2187339,1709590,278332,60621,87398,20367,30949,82
2026-06-01 10:00:00+00:00,2141495,1679876,269031,58945,80955,23129,29467,92
2026-06-01 11:00:00+00:00,2152631,1697230,264683,58750,86349,17522,27999,98
2026-06-01 12:00:00+00:00,2081322,1631271,258573,58670,84813,20204,27699,92
2026-06-01 13:00:00+00:00,2011862,1580260,250423,58601,75559,22263,24684,72
2026-06-01 14:00:00+00:00,2082264,1645179,243681,60320,84517,22211,26283,73
2026-06-01 15:00:00+00:00,2044469,1623889,241587,61172,75834,15780,26121,86
2026-06-01 16:00:00+00:00,2084375,1654083,243997,63331,80952,16042,25878,92
2026-06-01 17:00:00+00:00,2094102,1675389,236994,62493,78055,15862,25234,75
2026-06-01 18:00:00+00:00,2041265,1608821,251888,61932,72223,20708,25570,123
2026-06-01 19:00:00+00:00,2089976,1653788,253507,66148,71603,19732,25114,84
2026-06-01 20:00:00+00:00,2032954,1610857,244536,65551,71051,15749,25129,81
2026-06-01 21:00:00+00:00,2097478,1657805,253478,67117,74932,18091,25996,59
2026-06-01 22:00:00+00:00,2094668,1656147,253813,64970,75587,17301,26791,59
2026-06-01 23:00:00+00:00,2015548,1601631,236740,63074,71580,16054,26367,102
2026-06-02 00:00:00+00:00,2087394,1666003,247329,59998,74143,14044,25791,86
2026-06-02 01:00:00+00:00,2196865,1754379,260543,61848,74953,18192,26884,66
2026-06-02 02:00:00+00:00,2173823,1752173,247381,60865,73991,13581,25751,81
2026-06-02 03:00:00+00:00,2216079,1771868,260380,65620,76494,14831,26818,68
2026-06-02 04:00:00+00:00,2296685,1841227,262839,67060,78551,17743,29182,83
2026-06-02 05:00:00+00:00,2273161,1821371,260152,66620,78529,16139,30246,104
2026-06-02 06:00:00+00:00,2148978,1713291,252559,61673,76525,14089,30774,67
2026-06-02 07:00:00+00:00,2088732,1630367,266855,63298,78013,19953,30158,88
2026-06-02 08:00:00+00:00,2148962,1688842,269663,58994,81159,19552,30670,82
2026-06-02 09:00:00+00:00,2290072,1791013,297389,62352,88541,19295,31419,63
2026-06-02 10:00:00+00:00,2153192,1690960,271257,59195,83129,19753,28803,95
2026-06-02 11:00:00+00:00,2124459,1681476,254365,59497,83200,15585,30265,71
2026-06-02 12:00:00+00:00,2023353,1596954,251609,56790,76207,15615,26098,80
2026-06-02 13:00:00+00:00,2060524,1622757,256443,59805,76806,17607,27028,78
2026-06-02 14:00:00+00:00,2061331,1624798,252265,59162,77816,19721,27470,99
2026-06-02 15:00:00+00:00,2086290,1651224,245700,63351,81470,17352,27125,68
2026-06-02 16:00:00+00:00,2202717,1742776,258643,65103,88959,18623,28546,67
2026-06-02 17:00:00+00:00,2424665,1922504,280742,75992,93969,20610,30757,91
2026-06-02 18:00:00+00:00,2298686,1829599,263959,73208,84648,17862,29324,86
2026-06-02 19:00:00+00:00,2132312,1693182,247108,66975,79540,17701,27722,84
2026-06-02 20:00:00+00:00,2161165,1710902,260228,65297,78753,18591,27333,61
2026-06-02 21:00:00+00:00,2160020,1679911,270686,64160,91443,26043,27697,80
2026-06-02 22:00:00+00:00,2113116,1655384,270663,64821,78769,15957,27471,51
2026-06-02 23:00:00+00:00,2020824,1593413,246676,61020,76222,16551,26872,70
2026-06-03 00:00:00+00:00,2246419,1780289,275714,64074,80867,16739,28640,96
2026-06-03 01:00:00+00:00,2309096,1843634,267935,63751,86322,17307,30065,82
2026-06-03 02:00:00+00:00,2250452,1795266,256631,60029,87691,20375,30376,84
2026-06-03 03:00:00+00:00,2356140,1884594,268774,63023,89027,19112,31535,75
2026-06-03 04:00:00+00:00,2369542,1889208,276074,62072,93320,18318,30462,88
2026-06-03 05:00:00+00:00,2217957,1763463,259973,59520,89565,15927,29381,128
2026-06-03 06:00:00+00:00,2054870,1652289,229130,52133,79513,16387,25326,92
2026-06-03 07:00:00+00:00,2027905,1620676,232366,50818,78733,21242,23975,95
2026-06-03 08:00:00+00:00,2049202,1638038,242473,51622,77888,14971,24126,84
2026-06-03 09:00:00+00:00,2009267,1595777,242542,52445,78972,13983,25459,89
2026-06-03 10:00:00+00:00,1965246,1568224,232139,49721,76030,14412,24627,93
2026-06-03 11:00:00+00:00,2318995,1827933,289544,62811,88655,19643,30281,128
2026-06-03 12:00:00+00:00,2201845,1727052,277656,64000,84945,19164,28908,120
2026-06-03 13:00:00+00:00,2144200,1694638,257505,61167,81495,22073,27203,119
2026-06-03 14:00:00+00:00,2128313,1691260,251104,60105,75856,23434,26444,110
2026-06-03 15:00:00+00:00,2086575,1656586,251274,62271,75294,16096,24974,80
2026-06-03 16:00:00+00:00,2161287,1721852,250128,61384,82722,19093,26011,97
2026-06-03 17:00:00+00:00,2106235,1681458,239716,61292,81944,16014,25742,69
2026-06-03 18:00:00+00:00,2172410,1736951,248044,65041,82336,15100,24839,99
2026-06-03 19:00:00+00:00,2151258,1716914,250819,63281,79359,16386,24414,85
2026-06-03 20:00:00+00:00,2141054,1705244,254624,62989,76489,16388,25248,72
2026-06-03 21:00:00+00:00,2137322,1683228,262163,62999,78987,23519,26345,81
2026-06-03 22:00:00+00:00,2151290,1700708,265714,64435,75847,18777,25703,106
2026-06-03 23:00:00+00:00,2163645,1723893,254832,64708,73412,17978,28752,70
2026-06-04 00:00:00+00:00,2424116,1955471,272140,67694,81758,17146,29828,79
2026-06-04 01:00:00+00:00,2417692,1961721,262952,66395,79913,17912,28698,101
2026-06-04 02:00:00+00:00,2412098,1954155,261587,65570,84388,17253,28984,161
2026-06-04 03:00:00+00:00,2404032,1943179,262914,69831,83655,14694,29656,103
2026-06-04 04:00:00+00:00,2371524,1904901,265279,66027,85269,18196,31757,95
2026-06-04 05:00:00+00:00,2320689,1869314,259487,63956,82724,14334,30789,85
2026-06-04 06:00:00+00:00,2287783,1813524,269723,64911,85544,22447,31553,81
2026-06-04 07:00:00+00:00,2347648,1866193,276691,65409,85419,22869,30897,170
2026-06-04 08:00:00+00:00,2340562,1861309,282902,61132,84270,20465,30397,87
2026-06-04 09:00:00+00:00,2340969,1859691,282731,59646,88589,21328,28860,124
2026-06-04 10:00:00+00:00,2300655,1829782,273073,62367,83619,22739,28986,89
2026-06-04 11:00:00+00:00,2205874,1753313,268743,58514,78756,18933,27525,90
2026-06-04 12:00:00+00:00,2375528,1885930,286508,66332,87600,20239,28815,104
2026-06-04 13:00:00+00:00,2248654,1786335,276405,60903,78601,19243,27087,80
2026-06-04 14:00:00+00:00,2118548,1685153,251078,58211,76006,22053,25957,90
2026-06-04 15:00:00+00:00,2271272,1817934,262279,63800,80010,18744,28414,91
2026-06-04 16:00:00+00:00,2161557,1738116,242233,60320,78608,16147,26065,68
2026-06-04 17:00:00+00:00,2141359,1718202,241011,60506,76313,17756,27501,70
2026-06-04 18:00:00+00:00,2178286,1750081,243484,64921,75362,15568,28791,79
2026-06-04 19:00:00+00:00,2182910,1750886,248999,65247,74574,16234,26875,95
2026-06-04 20:00:00+00:00,2133405,1703404,249916,64439,73300,14800,27476,70
2026-06-04 21:00:00+00:00,2164108,1724144,251538,64582,75746,20592,27378,128
2026-06-04 22:00:00+00:00,2124355,1694933,251409,60954,74715,15413,26862,69
2026-06-04 23:00:00+00:00,2131995,1704281,247690,61237,75827,16222,26652,86
2026-06-05 00:00:00+00:00,2339726,1870329,274597,65834,83486,16926,28473,81
2026-06-05 01:00:00+00:00,2311351,1856888,267398,60950,80891,17383,27777,64
2026-06-05 02:00:00+00:00,2319839,1864723,260830,61571,88412,16987,27228,88
2026-06-05 03:00:00+00:00,2494168,2006100,273387,71407,96510,16547,30102,115
2026-06-05 04:00:00+00:00,2544102,2037315,285090,72237,99813,18188,31337,122
2026-06-05 05:00:00+00:00,2480128,1994479,280340,64884,92050,18748,29521,106
2026-06-05 06:00:00+00:00,2374806,1911417,264488,63489,89059,17438,28833,82
2026-06-05 07:00:00+00:00,2442603,1958253,277214,65842,91340,17524,32339,91
2026-06-05 08:00:00+00:00,2479097,1977122,291081,65534,94156,17911,33215,78
2026-06-05 09:00:00+00:00,2353082,1860648,287035,60451,94083,19831,30925,109
2026-06-05 10:00:00+00:00,2208803,1751790,264106,57111,83775,25452,26461,108
2026-06-05 11:00:00+00:00,2420888,1933124,280223,63186,94339,21377,28484,155
2026-06-05 12:00:00+00:00,2252768,1796910,261717,62183,86733,17258,27905,62
2026-06-05 13:00:00+00:00,2265254,1810308,261325,63817,85229,17441,27024,110
2026-06-05 14:00:00+00:00,2067445,1650778,236995,58866,74928,19206,26590,82
2026-06-05 15:00:00+00:00,2091141,1672796,242833,61207,73569,15753,24886,97
2026-06-05 16:00:00+00:00,2197787,1756336,248303,63286,86060,16709,26987,106
2026-06-05 17:00:00+00:00,2102137,1686637,234078,62013,76622,16294,26406,87
2026-06-05 18:00:00+00:00,2149997,1722973,239433,65208,77256,17738,27290,99
2026-06-05 19:00:00+00:00,2138840,1720405,236319,63402,74061,19006,25589,58
2026-06-05 20:00:00+00:00,2155639,1721172,243319,65101,75720,22806,27437,84
2026-06-05 21:00:00+00:00,2073218,1652817,242190,61118,72084,21294,23579,136
